{
	"credit": "Made with Blockbench",
	"texture_size": [32, 32],
	"textures": {
		"0": "item/spy_glass_model",
		"particle": "item/spy_glass_model"
	},
	"elements": [
		{
			"from": [7, 8.5, 7],
			"to": [9, 13.5, 9],
			"faces": {
				"north": {"uv": [3, 0, 4, 2.5], "texture": "#0"},
				"east": {"uv": [1, 3, 2, 5.5], "texture": "#0"},
				"south": {"uv": [2, 3, 3, 5.5], "texture": "#0"},
				"west": {"uv": [3, 2.5, 4, 5], "texture": "#0"},
				"up": {"uv": [5, 1, 4, 0], "texture": "#0"}
			}
		},
		{
			"from": [6.9, 13, 6.7],
			"to": [9.3, 14, 7],
			"faces": {
				"north": {"uv": [0.5, 6.5, 1.5, 7], "texture": "#0"},
				"east": {"uv": [3, 8, 3.5, 8.5], "texture": "#0"},
				"south": {"uv": [3, 6.5, 4, 7], "texture": "#0"},
				"west": {"uv": [8, 3, 8.5, 3.5], "texture": "#0"},
				"up": {"uv": [5, 7, 4, 6.5], "texture": "#0"},
				"down": {"uv": [7.5, 4, 6.5, 4.5], "texture": "#0"}
			}
		},
		{
			"from": [7, 3, 9],
			"to": [9, 5, 9.5],
			"faces": {
				"north": {"uv": [4, 1, 5, 2], "texture": "#0"},
				"east": {"uv": [6.5, 4.5, 7, 5.5], "texture": "#0"},
				"south": {"uv": [4, 2, 5, 3], "texture": "#0"},
				"west": {"uv": [5, 6.5, 5.5, 7.5], "texture": "#0"},
				"up": {"uv": [6.5, 7, 5.5, 6.5], "texture": "#0"},
				"down": {"uv": [7.5, 5.5, 6.5, 6], "texture": "#0"}
			}
		},
		{
			"from": [7, 2, 9],
			"to": [9, 3, 9.65],
			"faces": {
				"north": {"uv": [6.5, 6.5, 7.5, 7], "texture": "#0"},
				"east": {"uv": [3.5, 8, 4, 8.5], "texture": "#0"},
				"south": {"uv": [7, 0, 8, 0.5], "texture": "#0"},
				"west": {"uv": [8, 3.5, 8.5, 4], "texture": "#0"},
				"up": {"uv": [1.5, 7.5, 0.5, 7], "texture": "#0"},
				"down": {"uv": [8, 0.5, 7, 1], "texture": "#0"}
			}
		},
		{
			"from": [6.6, 6, 9.1],
			"to": [9.4, 7, 9.4],
			"faces": {
				"north": {"uv": [5, 4, 6.5, 4.5], "texture": "#0"},
				"east": {"uv": [4, 8, 4.5, 8.5], "texture": "#0"},
				"south": {"uv": [5, 4.5, 6.5, 5], "texture": "#0"},
				"west": {"uv": [4.5, 8, 5, 8.5], "texture": "#0"},
				"up": {"uv": [6.5, 5.5, 5, 5], "texture": "#0"},
				"down": {"uv": [2.5, 5.5, 1, 6], "texture": "#0"}
			}
		},
		{
			"from": [9, 2, 6.3],
			"to": [9.65, 3, 9.65],
			"faces": {
				"north": {"uv": [8, 4.5, 8.5, 5], "texture": "#0"},
				"east": {"uv": [5, 5.5, 6.5, 6], "texture": "#0"},
				"south": {"uv": [8, 5, 8.5, 5.5], "texture": "#0"},
				"west": {"uv": [0, 6, 1.5, 6.5], "texture": "#0"},
				"up": {"uv": [3, 7, 2.5, 5.5], "texture": "#0"},
				"down": {"uv": [6.5, 0, 6, 1.5], "texture": "#0"}
			}
		},
		{
			"from": [6.6, 6, 6.6],
			"to": [9.4, 7, 6.9],
			"faces": {
				"north": {"uv": [6, 1.5, 7.5, 2], "texture": "#0"},
				"east": {"uv": [5.5, 8, 6, 8.5], "texture": "#0"},
				"south": {"uv": [6, 2, 7.5, 2.5], "texture": "#0"},
				"west": {"uv": [6, 8, 6.5, 8.5], "texture": "#0"},
				"up": {"uv": [7.5, 3, 6, 2.5], "texture": "#0"},
				"down": {"uv": [4.5, 6, 3, 6.5], "texture": "#0"}
			}
		},
		{
			"from": [9.1, 6, 6.9],
			"to": [9.4, 7, 9.1],
			"faces": {
				"north": {"uv": [8, 6.5, 8.5, 7], "texture": "#0"},
				"east": {"uv": [7, 1, 8, 1.5], "texture": "#0"},
				"south": {"uv": [8, 7, 8.5, 7.5], "texture": "#0"},
				"west": {"uv": [2.5, 7, 3.5, 7.5], "texture": "#0"},
				"up": {"uv": [4, 8, 3.5, 7], "texture": "#0"},
				"down": {"uv": [4.5, 7, 4, 8], "texture": "#0"}
			}
		},
		{
			"from": [6.9, 13, 9],
			"to": [9.3, 14, 9.3],
			"faces": {
				"north": {"uv": [7, 4.5, 8, 5], "texture": "#0"},
				"east": {"uv": [8, 7.5, 8.5, 8], "texture": "#0"},
				"south": {"uv": [7, 5, 8, 5.5], "texture": "#0"},
				"west": {"uv": [8, 8, 8.5, 8.5], "texture": "#0"},
				"up": {"uv": [6.5, 7.5, 5.5, 7], "texture": "#0"},
				"down": {"uv": [7.5, 7, 6.5, 7.5], "texture": "#0"}
			}
		},
		{
			"from": [6.35, 2, 6.3],
			"to": [7, 3, 9.65],
			"faces": {
				"north": {"uv": [8.5, 0, 9, 0.5], "texture": "#0"},
				"east": {"uv": [6, 3, 7.5, 3.5], "texture": "#0"},
				"south": {"uv": [8.5, 0.5, 9, 1], "texture": "#0"},
				"west": {"uv": [6, 3.5, 7.5, 4], "texture": "#0"},
				"up": {"uv": [2, 7.5, 1.5, 6], "texture": "#0"},
				"down": {"uv": [2.5, 6, 2, 7.5], "texture": "#0"}
			}
		},
		{
			"from": [6.69, 13, 6.7],
			"to": [6.99, 14, 9.3],
			"faces": {
				"north": {"uv": [8.5, 1, 9, 1.5], "texture": "#0"},
				"east": {"uv": [4.5, 6, 6, 6.5], "texture": "#0"},
				"south": {"uv": [8.5, 1.5, 9, 2], "texture": "#0"},
				"west": {"uv": [6, 6, 7.5, 6.5], "texture": "#0"},
				"up": {"uv": [0.5, 8, 0, 6.5], "texture": "#0"},
				"down": {"uv": [7, 0, 6.5, 1.5], "texture": "#0"}
			}
		},
		{
			"from": [9, 13, 6.9],
			"to": [9.3, 14, 9.1],
			"faces": {
				"north": {"uv": [2, 8.5, 2.5, 9], "texture": "#0"},
				"east": {"uv": [0.5, 7.5, 1.5, 8], "texture": "#0"},
				"south": {"uv": [2.5, 8.5, 3, 9], "texture": "#0"},
				"west": {"uv": [1.5, 7.5, 2.5, 8], "texture": "#0"},
				"up": {"uv": [5, 8, 4.5, 7], "texture": "#0"},
				"down": {"uv": [8, 1.5, 7.5, 2.5], "texture": "#0"}
			}
		},
		{
			"from": [6.6, 6, 6.9],
			"to": [6.9, 7, 9.1],
			"faces": {
				"north": {"uv": [8.5, 2.5, 9, 3], "texture": "#0"},
				"east": {"uv": [2.5, 7.5, 3.5, 8], "texture": "#0"},
				"south": {"uv": [3, 8.5, 3.5, 9], "texture": "#0"},
				"west": {"uv": [7.5, 2.5, 8.5, 3], "texture": "#0"},
				"up": {"uv": [8, 4, 7.5, 3], "texture": "#0"},
				"down": {"uv": [5.5, 7.5, 5, 8.5], "texture": "#0"}
			}
		},
		{
			"from": [7, 2, 6.3],
			"to": [9, 3, 6.95],
			"faces": {
				"north": {"uv": [7.5, 4, 8.5, 4.5], "texture": "#0"},
				"east": {"uv": [8.5, 3, 9, 3.5], "texture": "#0"},
				"south": {"uv": [5.5, 7.5, 6.5, 8], "texture": "#0"},
				"west": {"uv": [3.5, 8.5, 4, 9], "texture": "#0"},
				"up": {"uv": [8.5, 6, 7.5, 5.5], "texture": "#0"},
				"down": {"uv": [8.5, 6, 7.5, 6.5], "texture": "#0"}
			}
		},
		{
			"from": [6.5, 3, 7],
			"to": [7, 5, 9],
			"faces": {
				"north": {"uv": [6.5, 7.5, 7, 8.5], "texture": "#0"},
				"east": {"uv": [4, 3, 5, 4], "texture": "#0"},
				"south": {"uv": [7.5, 6.5, 8, 7.5], "texture": "#0"},
				"west": {"uv": [4, 4, 5, 5], "texture": "#0"},
				"up": {"uv": [7.5, 8.5, 7, 7.5], "texture": "#0"},
				"down": {"uv": [8, 7.5, 7.5, 8.5], "texture": "#0"}
			}
		},
		{
			"from": [9, 3, 7],
			"to": [9.5, 5, 9],
			"faces": {
				"north": {"uv": [0, 8, 0.5, 9], "texture": "#0"},
				"east": {"uv": [5, 0, 6, 1], "texture": "#0"},
				"south": {"uv": [8, 0, 8.5, 1], "texture": "#0"},
				"west": {"uv": [5, 1, 6, 2], "texture": "#0"},
				"up": {"uv": [1, 9, 0.5, 8], "texture": "#0"},
				"down": {"uv": [1.5, 8, 1, 9], "texture": "#0"}
			}
		},
		{
			"from": [7, 3, 6.5],
			"to": [9, 5, 7],
			"faces": {
				"north": {"uv": [5, 2, 6, 3], "texture": "#0"},
				"east": {"uv": [8, 1, 8.5, 2], "texture": "#0"},
				"south": {"uv": [3, 5, 4, 6], "texture": "#0"},
				"west": {"uv": [1.5, 8, 2, 9], "texture": "#0"},
				"up": {"uv": [3, 8.5, 2, 8], "texture": "#0"},
				"down": {"uv": [9, 2, 8, 2.5], "texture": "#0"}
			}
		},
		{
			"from": [6.9, 2.4, 6.9],
			"to": [9.1, 8.6, 9.1],
			"faces": {
				"north": {"uv": [0, 0, 1, 3], "texture": "#0"},
				"east": {"uv": [1, 0, 2, 3], "texture": "#0"},
				"south": {"uv": [2, 0, 3, 3], "texture": "#0"},
				"west": {"uv": [0, 3, 1, 6], "texture": "#0"},
				"up": {"uv": [6, 4, 5, 3], "texture": "#0"},
				"down": {"uv": [5, 5, 4, 6], "texture": "#0"}
			}
		}
	],
	"gui_light": "front",
	"display": {
		"thirdperson_righthand": {
			"translation": [0, -2, 0]
		},
		"firstperson_righthand": {
			"scale": [1.24805, 1, 0.77148]
		},
		"firstperson_lefthand": {
			"scale": [1.125, 1, 0.75]
		},
		"ground": {
			"rotation": [90, 0, 0]
		},
		"gui": {
			"rotation": [-67.5, 0, 45],
			"scale": [1.5, 1.5, 1.5]
		},
		"head": {
			"rotation": [90, 0, 0],
			"translation": [3.75, 0, -16],
			"scale": [1.6, 1.6, 1.6]
		},
		"fixed": {
			"translation": [0, 0, -1.5],
			"scale": [1.5, 1.5, 1.5]
		}
	},
	"groups": [
		{
			"name": "group",
			"origin": [8, 8, 8],
			"color": 0,
			"children": [0, 1, 2, 3, 4, 5, 6, 7, 8, 9, 10, 11, 12, 13, 14, 15, 16, 17]
		}
	]
}